<?xml version="1.0" encoding="utf-8"?>
<Window size="500,203" caption="0,0,0,35">
  <VBox bkcolor="bk_wnd_darkcolor">
    <!--标题栏-->
    <HBox bkcolor="bk_wnd_lightcolor" height="35">
      <Label text="GKD工具" margin="6,8,0,0"/>
      <HBox width="stretch" height="35" bkcolor="bk_wnd_lightcolor">
        <Control />
        <Box width="21" margin="4,6,0,0">
          <Button class="btn_wnd_min" name="minbtn"/>
          <Button class="btn_wnd_restore" name="restorebtn" visible="false"/>
        </Box>
        <Button class="btn_wnd_close" name="closebtn" margin="4,6,8,0"/>
      </HBox>
    </HBox>
    <!--客户区-->
    <HBox width="500" padding="23,20" height="50">
      <Label text="图片路径：" font="system_16"/>
      <RichEdit name="ImagePath" bkcolor="bk_wnd_lightcolor" height="30" width ="290" font="system_20" rich="false" multiline="false" autohscroll="true" readonly="true"/>
      <Button class="btn_global_blue_80x30" text="浏览" margin="6" name="FindIamgeButton"/>
    </HBox>
    <HBox width="500" padding="7,20" height="65">
      <Label text="压缩包路径：" font="system_16"/>
      <RichEdit name="FilePath" bkcolor="bk_wnd_lightcolor" height="30" width ="290" font="system_20" rich="false" multiline="false" autohscroll="true" readonly="true"/>
      <Button class="btn_global_blue_80x30" text="浏览" margin="6" name="FindFileButton"/>
    </HBox>
    <Button class="btn_global_red_80x30" text="生成" margin="400" name="MakeFileButton"/>
    <Progress class="progress_blue" name="Progress" margin="0,20"/>
  </VBox>
</Window>